symbol,direction,entry_time,exit_time,entry_price,exit_price,lots,stop_price,pyramid_index,exit_reason,gross_pl,commission,net_pl
XAUUSD.var,long,2014-01-19,2014-01-23,1256.4,1232.3862776875,0.01,1232.6362776875,0,stop,-24.013722312500022,0.1,-24.113722312500023
XAUUSD.var,long,2014-01-24,2014-01-30,1269.45,1243.8233081650753,0.01,1244.0733081650753,0,stop,-25.626691834924713,0.1,-25.726691834924715
XAUUSD.var,long,2014-02-11,2014-03-20,1291.42,1327.3,0.01,1264.5857181068327,0,channel_exit,35.87999999999988,0.1,35.77999999999988
XAUUSD.var,long,2014-02-13,2014-03-20,1302.7627892108217,1327.3,0.01,1276.046281052238,1,channel_exit,24.53721078917829,0.1,24.437210789178287
XAUUSD.var,long,2014-02-14,2014-03-20,1314.3383139611021,1327.3,0.01,1287.0787562104479,2,channel_exit,12.961686038897824,0.1,12.861686038897824
XAUUSD.var,short,2014-03-31,2014-04-08,1284.2120220242941,1312.1478561214196,0.01,1311.8978561214196,2,stop,-27.935834097125507,0.1,-28.03583409712551
XAUUSD.var,short,2014-03-24,2014-04-08,1308.3,1308.64,0.01,1337.5132694663223,0,channel_exit,-0.3400000000001455,0.1,-0.4400000000001455
XAUUSD.var,short,2014-03-27,2014-04-08,1295.9702366373479,1308.64,0.01,1324.989684483536,1,channel_exit,-12.669763362652247,0.1,-12.769763362652247
XAUUSD.var,long,2014-04-13,2014-04-15,1327.74,1302.2546169076659,0.01,1302.5046169076659,0,stop,-25.485383092334136,0.1,-25.585383092334137
XAUUSD.var,long,2014-05-05,2014-05-11,1310.28,1283.9550849162226,0.01,1284.2050849162226,0,stop,-26.324915083777338,0.1,-26.42491508377734
XAUUSD.var,short,2014-05-27,2014-06-10,1264.39,1259.87,0.01,1288.177139387602,0,channel_exit,4.520000000000209,0.1,4.4200000000002095
XAUUSD.var,short,2014-05-29,2014-06-10,1254.551545729724,1259.87,0.01,1277.7579390270348,1,channel_exit,-5.318454270275879,0.1,-5.418454270275879
XAUUSD.var,short,2014-05-30,2014-06-10,1244.5255141729617,1259.87,0.01,1268.169587805407,2,channel_exit,-15.34448582703817,0.1,-15.44448582703817
XAUUSD.var,long,2014-06-19,2014-07-14,1320.28,1306.67,0.01,1297.4382789814802,0,channel_exit,-13.6099999999999,0.1,-13.7099999999999
XAUUSD.var,long,2014-06-30,2014-07-14,1329.4035324768486,1307.6152900308684,0.02,1307.8652900308684,1,stop,-43.57648489196026,0.2,-43.776484891960266
XAUUSD.var,short,2014-07-15,2014-07-17,1293.51,1316.4972180312152,0.01,1316.2472180312152,0,stop,-22.987218031215207,0.1,-23.087218031215208
XAUUSD.var,short,2014-07-31,2014-08-06,1282.15,1305.0732146785588,0.01,1304.8232146785588,0,stop,-22.92321467855868,0.1,-23.02321467855868
XAUUSD.var,short,2014-08-21,2014-10-09,1276.21,1224.32,0.02,1297.299953863411,0,channel_exit,103.7800000000002,0.2,103.5800000000002
XAUUSD.var,short,2014-09-02,2014-10-09,1267.6339106902294,1224.32,0.02,1287.8947857463609,1,channel_exit,86.62782138045895,0.2,86.42782138045895
XAUUSD.var,long,2014-10-13,2014-10-29,1235.81,1212.3147961844904,0.01,1212.5647961844904,0,stop,-23.495203815509512,0.1,-23.595203815509514
XAUUSD.var,long,2014-10-15,2014-10-29,1246.0017913329273,1221.72094488943,0.01,1221.97094488943,1,stop,-24.28084644349724,0.1,-24.38084644349724
XAUUSD.var,short,2014-11-03,2014-11-14,1166.6938858852536,1191.2899384321317,0.01,1191.0399384321317,3,stop,-24.596052546878127,0.1,-24.69605254687813
XAUUSD.var,short,2014-10-30,2014-11-14,1198.0,1188.78,0.01,1220.435005157461,0,channel_exit,9.220000000000027,0.1,9.120000000000028
XAUUSD.var,short,2014-10-31,2014-11-14,1187.4135336144623,1188.78,0.01,1212.3652885140502,1,channel_exit,-1.3664663855377057,0.1,-1.4664663855377058
XAUUSD.var,short,2014-11-02,2014-11-14,1177.0207655482013,1188.78,0.01,1201.52055770281,2,channel_exit,-11.759234451798648,0.1,-11.859234451798647
XAUUSD.var,long,2014-12-09,2014-12-15,1226.8478341181647,1190.839554509114,0.01,1191.089554509114,1,stop,-36.00827960905076,0.1,-36.10827960905076
XAUUSD.var,long,2014-12-01,2014-12-22,1211.63,1175.7240443223563,0.01,1175.9740443223563,0,stop,-35.90595567764376,0.1,-36.00595567764376
XAUUSD.var,long,2015-01-13,2015-01-29,1243.4044261157921,1256.52,0.01,1213.4943733516866,2,channel_exit,13.115573884207835,0.1,13.015573884207836
XAUUSD.var,long,2015-01-06,2015-01-29,1217.98,1256.52,0.01,1185.5826516537597,0,channel_exit,38.539999999999964,0.1,38.43999999999996
XAUUSD.var,long,2015-01-12,2015-01-29,1230.6929749311755,1256.52,0.01,1200.7793667584326,1,channel_exit,25.827025068824472,0.1,25.72702506882447
XAUUSD.var,short,2015-02-06,2015-03-20,1233.08,1182.43,0.01,1268.4866666972791,0,channel_exit,50.649999999999864,0.1,50.54999999999986
XAUUSD.var,short,2015-02-11,2015-03-20,1218.9521745562781,1182.43,0.01,1252.167100591629,1,channel_exit,36.52217455627806,0.1,36.42217455627806
XAUUSD.var,short,2015-02-17,2015-03-20,1205.6452382161613,1182.43,0.01,1236.9447563431006,2,channel_exit,23.215238216161197,0.1,23.115238216161195
XAUUSD.var,long,2015-03-26,2015-03-31,1207.0004133558568,1179.432782192191,0.01,1179.682782192191,1,stop,-27.56763116366574,0.1,-27.667631163665742
XAUUSD.var,long,2015-04-05,2015-04-14,1217.9892539743187,1191.8486258645744,0.01,1192.0986258645744,1,stop,-26.140628109744284,0.1,-26.240628109744286
XAUUSD.var,long,2015-03-25,2015-04-24,1195.4,1178.93,0.01,1168.982493511931,0,channel_exit,-16.470000000000027,0.1,-16.57000000000003
XAUUSD.var,long,2015-04-28,2015-04-30,1212.4,1187.2269718087578,0.01,1187.4769718087578,0,stop,-25.173028191242334,0.1,-25.273028191242336
XAUUSD.var,long,2015-05-14,2015-05-21,1226.5054104070546,1201.1427861239272,0.01,1201.3927861239272,1,stop,-25.36262428312739,0.1,-25.46262428312739
XAUUSD.var,long,2015-05-13,2015-05-26,1215.85,1190.5475007546027,0.01,1190.7975007546027,0,stop,-25.302499245397257,0.1,-25.40249924539726
XAUUSD.var,short,2015-06-05,2015-06-10,1166.8077791113335,1189.8996278515554,0.01,1189.6496278515554,1,stop,-23.09184874022185,0.1,-23.19184874022185
XAUUSD.var,short,2015-06-04,2015-06-18,1176.49,1199.313788147602,0.01,1199.063788147602,0,stop,-22.823788147602045,0.1,-22.923788147602046
XAUUSD.var,short,2015-07-07,2015-08-10,1156.7545659426335,1104.53,0.02,1178.0405787431555,1,channel_exit,104.449131885267,0.2,104.24913188526699
XAUUSD.var,short,2015-07-02,2015-08-10,1165.77,1104.53,0.02,1187.0873588913798,0,channel_exit,122.48000000000002,0.2,122.28000000000002
XAUUSD.var,long,2015-08-20,2015-08-26,1144.6150989417545,1120.2490249310422,0.01,1120.4990249310422,2,stop,-24.366074010712282,0.1,-24.466074010712283
XAUUSD.var,long,2015-08-21,2015-08-26,1155.0572505032587,1130.192230193082,0.01,1130.442230193082,3,stop,-24.86502031017676,0.1,-24.96502031017676
XAUUSD.var,long,2015-08-19,2015-09-09,1134.386781508592,1110.7476246552108,0.01,1110.9976246552108,1,stop,-23.639156853381337,0.1,-23.73915685338134
XAUUSD.var,long,2015-08-12,2015-09-09,1124.47,1107.36,0.01,1099.4687798599966,0,channel_exit,-17.110000000000127,0.1,-17.21000000000013
XAUUSD.var,long,2015-09-24,2015-09-28,1154.11,1130.2693767903622,0.01,1130.5193767903622,0,stop,-23.84062320963767,0.1,-23.94062320963767
XAUUSD.var,long,2015-10-15,2015-10-23,1185.137110424936,1159.5174250700943,0.01,1159.7674250700943,2,stop,-25.61968535484175,0.1,-25.71968535484175
XAUUSD.var,long,2015-10-12,2015-10-28,1163.71,1155.6,0.01,1140.0282278263983,0,channel_exit,-8.110000000000127,0.1,-8.210000000000127
XAUUSD.var,long,2015-10-14,2015-10-28,1174.3715309871468,1155.6,0.01,1149.244625350471,1,channel_exit,-18.77153098714689,0.1,-18.87153098714689
XAUUSD.var,short,2015-11-01,2015-12-04,1135.619530029209,1086.07,0.01,1158.9239599610548,1,channel_exit,49.54953002920911,0.1,49.44953002920911
XAUUSD.var,short,2015-11-03,2015-12-04,1125.44849963057,1086.07,0.01,1149.430903894061,2,channel_exit,39.378499630570104,0.1,39.2784996305701
XAUUSD.var,short,2015-10-29,2015-12-04,1145.5,1086.07,0.01,1169.5410511710204,0,channel_exit,59.430000000000064,0.1,59.33000000000006
XAUUSD.var,short,2015-11-04,2015-12-04,1115.171395751863,1086.07,0.01,1139.4013048021793,3,channel_exit,29.10139575186304,0.1,29.00139575186304
XAUUSD.var,long,2016-01-07,2016-01-13,1102.8868936118022,1080.5541418509304,0.02,1080.8041418509304,1,stop,-44.66550352174363,0.2,-44.86550352174363
XAUUSD.var,long,2016-01-06,2016-01-14,1093.53,1071.768682356977,0.02,1072.018682356977,0,stop,-43.5226352860459,0.2,-43.7226352860459
XAUUSD.var,long,2016-01-26,2016-03-14,1119.72,1234.89,0.01,1097.4374690101877,0,channel_exit,115.17000000000009,0.1,115.07000000000009
XAUUSD.var,long,2016-02-01,2016-03-14,1128.805782423729,1234.89,0.02,1107.3556234350278,1,channel_exit,212.16843515254232,0.2,211.96843515254233
XAUUSD.var,long,2016-02-05,2016-03-14,1138.8156159783714,1234.89,0.01,1115.2093376842058,2,channel_exit,96.0743840216287,0.1,95.97438402162871
XAUUSD.var,short,2016-03-23,2016-04-11,1219.63,1257.738528898121,0.01,1257.488528898121,0,stop,-38.108528898120994,0.1,-38.208528898120996
XAUUSD.var,long,2016-04-29,2016-05-10,1293.35,1258.5444428328021,0.01,1258.7944428328021,0,stop,-34.805557167197776,0.1,-34.90555716719778
XAUUSD.var,short,2016-05-30,2016-06-03,1199.9985542064594,1231.7145139546726,0.01,1231.4645139546726,2,stop,-31.71595974821321,0.1,-31.81595974821321
XAUUSD.var,short,2016-05-27,2016-06-06,1213.3768226699792,1245.4775697733614,0.01,1245.2275697733614,1,stop,-32.10074710338222,0.1,-32.20074710338222
XAUUSD.var,short,2016-05-24,2016-06-06,1226.92,1245.43,0.01,1259.6417483346054,0,channel_exit,-18.50999999999999,0.1,-18.609999999999992
XAUUSD.var,long,2016-06-15,2016-06-21,1295.1936221357607,1265.0934258426958,0.01,1265.3434258426958,2,stop,-30.100196293064986,0.1,-30.200196293064987
XAUUSD.var,long,2016-06-09,2016-06-23,1269.74,1256.5,0.01,1239.1607743042916,0,channel_exit,-13.24000000000001,0.1,-13.34000000000001
XAUUSD.var,long,2016-06-13,2016-06-23,1282.5078237244472,1256.5,0.01,1252.4662350340705,1,channel_exit,-26.00782372444724,0.1,-26.10782372444724
XAUUSD.var,long,2016-07-06,2016-07-14,1363.33,1324.8425312705558,0.01,1325.0925312705558,0,stop,-38.48746872944412,0.1,-38.58746872944412
XAUUSD.var,long,2016-08-02,2016-08-24,1363.74,1328.4287855424639,0.01,1328.6787855424639,0,stop,-35.31121445753615,0.1,-35.411214457536154
XAUUSD.var,short,2016-08-25,2016-09-06,1321.53,1350.9914394612833,0.01,1350.7414394612833,0,stop,-29.461439461283362,0.1,-29.561439461283364
XAUUSD.var,short,2016-08-30,2016-09-06,1309.0987881286637,1338.6049491617814,0.01,1338.3549491617814,1,stop,-29.506161033117678,0.1,-29.60616103311768
XAUUSD.var,short,2016-10-07,2016-10-19,1244.4519378257007,1273.1154614939214,0.01,1272.8654614939214,2,stop,-28.66352366822071,0.1,-28.76352366822071
XAUUSD.var,short,2016-10-04,2016-10-19,1268.28,1270.0,0.01,1295.6750352596246,0,channel_exit,-1.7200000000000275,0.1,-1.8200000000000276
XAUUSD.var,short,2016-10-06,2016-10-19,1256.5220193977952,1270.0,0.01,1284.2073074696063,1,channel_exit,-13.477980602204752,0.1,-13.577980602204752
XAUUSD.var,long,2016-11-02,2016-11-08,1298.721676357299,1274.1144315236013,0.01,1274.3644315236013,1,stop,-24.607244833697678,0.1,-24.70724483369768
XAUUSD.var,long,2016-11-01,2016-11-10,1288.39,1264.4122422803184,0.01,1264.6622422803184,0,stop,-23.977757719681676,0.1,-24.077757719681678
XAUUSD.var,long,2016-11-09,2016-11-10,1311.8832037382776,1280.6729731826608,0.01,1280.9229731826608,1,stop,-31.210230555616818,0.1,-31.31023055561682
XAUUSD.var,short,2016-11-11,2016-12-29,1225.43,1158.21,0.01,1260.7353080764442,0,channel_exit,67.22000000000003,0.1,67.12000000000003
XAUUSD.var,short,2016-11-17,2016-12-29,1210.9595493825975,1158.21,0.01,1244.9739341565369,1,channel_exit,52.74954938259748,0.1,52.64954938259748
XAUUSD.var,short,2016-12-08,2016-12-29,1197.6352091155654,1158.21,0.01,1228.9753364053072,2,channel_exit,39.425209115565394,0.1,39.32520911556539
XAUUSD.var,long,2017-01-11,2017-01-26,1192.2138925752681,1188.19,0.01,1164.911476566309,1,channel_exit,-4.023892575268064,0.1,-4.123892575268064
XAUUSD.var,long,2017-01-12,2017-01-26,1203.8052155217729,1188.19,0.01,1176.5087953132615,2,channel_exit,-15.615215521772827,0.1,-15.715215521772826
XAUUSD.var,long,2017-01-05,2017-01-26,1180.62,1188.19,0.01,1152.889564871099,0,channel_exit,7.570000000000164,0.1,7.470000000000164
XAUUSD.var,long,2017-02-24,2017-03-02,1256.3624886766497,1231.9425442835352,0.01,1232.1925442835352,2,stop,-24.41994439311452,0.1,-24.51994439311452
XAUUSD.var,long,2017-02-23,2017-03-07,1246.1110839367434,1221.5752214176755,0.01,1221.8252214176755,1,stop,-24.535862519067905,0.1,-24.635862519067906
XAUUSD.var,long,2017-02-06,2017-03-07,1235.81,1215.54,0.01,1209.2306341382543,0,channel_exit,-20.269999999999982,0.1,-20.369999999999983
XAUUSD.var,short,2017-03-10,2017-03-15,1197.6859051411298,1221.31879314516,0.01,1221.06879314516,1,stop,-23.632888004030292,0.1,-23.732888004030293
XAUUSD.var,short,2017-03-08,2017-03-16,1207.6,1231.7374936332747,0.01,1231.4874936332747,0,stop,-24.137493633274744,0.1,-24.237493633274745
XAUUSD.var,long,2017-03-27,2017-04-25,1254.51,1263.15,0.01,1231.7085142892834,0,channel_exit,8.6400000000001,0.1,8.5400000000001
XAUUSD.var,long,2017-04-07,2017-04-25,1263.7840406993666,1263.15,0.02,1241.8946124008444,1,channel_exit,-1.268081398733102,0.2,-1.468081398733102
XAUUSD.var,long,2017-04-11,2017-04-25,1273.331062430545,1263.15,0.01,1250.8046783911286,2,channel_exit,-10.181062430544898,0.1,-10.281062430544898
XAUUSD.var,short,2017-05-03,2017-05-17,1238.33,1260.833160536375,0.01,1260.583160536375,0,stop,-22.503160536375162,0.1,-22.603160536375164
XAUUSD.var,short,2017-05-04,2017-05-17,1228.7880703530473,1251.5525728626037,0.01,1251.3025728626037,1,stop,-22.76450250955645,0.1,-22.864502509556452
XAUUSD.var,short,2017-05-09,2017-05-17,1219.335948109491,1241.890900011122,0.01,1241.640900011122,2,stop,-22.554951901631057,0.1,-22.65495190163106
XAUUSD.var,long,2017-06-08,2017-06-12,1286.0651628777475,1263.77055670075,0.01,1264.02055670075,2,stop,-22.294606176997604,0.1,-22.394606176997605
XAUUSD.var,long,2017-05-26,2017-06-15,1267.49,1253.68,0.01,1245.5966380925042,0,channel_exit,-13.809999999999945,0.1,-13.909999999999945
XAUUSD.var,long,2017-06-02,2017-06-15,1276.72461737332,1254.6771768355736,0.02,1254.9271768355736,1,stop,-44.094881075492594,0.2,-44.2948810754926
XAUUSD.var,short,2017-06-19,2017-07-17,1243.02,1234.06,0.01,1265.2183961091744,0,channel_exit,8.960000000000036,0.1,8.860000000000037
XAUUSD.var,short,2017-07-03,2017-07-17,1233.6722428269588,1234.06,0.01,1255.7336762307214,1,channel_exit,-0.3877571730411091,0.1,-0.4877571730411091
XAUUSD.var,short,2017-07-04,2017-07-17,1224.5301235125698,1234.06,0.02,1246.1117352461442,2,channel_exit,-19.059752974860203,0.2,-19.259752974860202
XAUUSD.var,long,2017-07-21,2017-09-18,1254.92,1307.04,0.02,1233.9593433642729,0,channel_exit,104.23999999999978,0.2,104.03999999999978
XAUUSD.var,long,2017-07-27,2017-09-18,1263.7740270203337,1307.04,0.02,1242.864630639555,1,channel_exit,86.53194595933246,0.2,86.33194595933246
XAUUSD.var,short,2017-10-02,2017-10-12,1269.7838672043442,1294.996339860771,0.01,1294.746339860771,2,stop,-25.212472656426826,0.1,-25.312472656426827
XAUUSD.var,short,2017-09-21,2017-10-13,1291.1,1303.64,0.01,1315.752841716748,0,channel_exit,-12.54000000000019,0.1,-12.640000000000189
XAUUSD.var,short,2017-09-28,2017-10-13,1280.3749269142413,1303.64,0.01,1305.6500974476783,1,channel_exit,-23.265073085758786,0.1,-23.365073085758787
XAUUSD.var,long,2017-11-17,2017-11-30,1294.39,1272.4353599068986,0.02,1272.6853599068986,0,stop,-43.90928018620298,0.2,-44.10928018620298
XAUUSD.var,short,2017-12-07,2017-12-20,1255.9851376278796,1265.69,0.01,1278.2031498294944,1,channel_exit,-9.704862372120488,0.1,-9.804862372120487
XAUUSD.var,short,2017-12-08,2017-12-20,1246.697893374365,1265.69,0.02,1268.618129965899,2,channel_exit,-37.98421325126992,0.2,-38.184213251269924
XAUUSD.var,short,2017-12-05,2017-12-20,1265.4,1265.69,0.01,1287.3808791707643,0,channel_exit,-0.2899999999999636,0.1,-0.3899999999999636
XAUUSD.var,long,2018-01-25,2018-02-06,1301.0269706243448,1324.18,0.01,1278.5549207297308,2,channel_exit,23.15302937565525,0.1,23.05302937565525
XAUUSD.var,long,2017-12-26,2018-02-06,1283.35,1324.18,0.02,1263.5391109190866,0,channel_exit,81.66000000000031,0.2,81.4600000000003
XAUUSD.var,long,2017-12-28,2018-02-06,1291.5032349552246,1324.18,0.02,1272.2290200597004,1,channel_exit,65.35353008955099,0.2,65.15353008955098
XAUUSD.var,short,2018-02-07,2018-02-14,1318.11,1343.8396984136998,0.01,1343.5896984136998,0,stop,-25.729698413699907,0.1,-25.82969841369991
XAUUSD.var,short,2018-02-08,2018-02-14,1307.2709085029935,1333.0621219960085,0.01,1332.8121219960085,1,stop,-25.791213493014993,0.1,-25.891213493014995
XAUUSD.var,long,2018-03-23,2018-03-29,1347.65,1322.334534697214,0.01,1322.584534697214,0,stop,-25.31546530278615,0.1,-25.415465302786153
XAUUSD.var,short,2018-04-26,2018-08-24,1316.83,1206.57,0.01,1341.519653687609,0,channel_exit,110.26,0.1,110.16000000000001
XAUUSD.var,short,2018-05-01,2018-08-24,1306.4418899744655,1206.57,0.01,1330.9308133673792,1,channel_exit,99.8718899744656,0.1,99.77188997446561
XAUUSD.var,short,2018-05-15,2018-08-24,1296.4901929474263,1206.57,0.01,1319.960819343851,2,channel_exit,89.92019294742636,0.1,89.82019294742636
XAUUSD.var,short,2018-05-16,2018-08-24,1286.6412057717391,1206.57,0.01,1309.8721758483425,3,channel_exit,80.07120577173919,0.1,79.97120577173919
XAUUSD.var,short,2018-09-27,2018-10-02,1182.41,1203.2275432357524,0.02,1202.9775432357524,0,stop,-41.635086471504565,0.2,-41.83508647150457
XAUUSD.var,long,2018-10-11,2018-10-31,1225.15,1214.33,0.01,1202.1308522504871,0,channel_exit,-10.820000000000164,0.1,-10.920000000000163
XAUUSD.var,long,2018-10-23,2018-10-31,1234.4677181998495,1212.226375733534,0.02,1212.476375733534,1,stop,-44.482684932630946,0.2,-44.68268493263095
XAUUSD.var,short,2018-11-12,2018-11-16,1200.2021780240095,1221.883762634654,0.02,1221.633762634654,1,stop,-43.3631692212889,0.2,-43.5631692212889
XAUUSD.var,short,2018-11-09,2018-12-03,1209.28,1231.0466680112047,0.02,1230.7966680112047,0,stop,-43.53333602240946,0.2,-43.73333602240946
XAUUSD.var,long,2018-12-04,2019-02-28,1238.91,1312.95,0.02,1219.1673072061699,0,channel_exit,148.07999999999993,0.2,147.87999999999994
XAUUSD.var,long,2018-12-07,2019-02-28,1247.092270037833,1312.95,0.02,1227.7503066162228,1,channel_exit,131.71545992433403,0.2,131.51545992433404
XAUUSD.var,short,2019-03-04,2019-03-13,1283.9523288145663,1305.120228247245,0.02,1304.870228247245,1,stop,-42.33579886535745,0.2,-42.53579886535745
XAUUSD.var,short,2019-03-01,2019-03-20,1292.81,1313.7541046659776,0.02,1313.5041046659776,0,stop,-41.888209331955295,0.2,-42.0882093319553
XAUUSD.var,long,2019-03-25,2019-03-28,1322.37,1301.1991240221907,0.02,1301.4491240221907,0,stop,-42.34175195561829,0.2,-42.541751955618295
XAUUSD.var,short,2019-04-23,2019-04-26,1268.3279066558785,1287.919457792162,0.02,1287.669457792162,1,stop,-39.183102272566884,0.2,-39.38310227256689
XAUUSD.var,short,2019-04-16,2019-05-13,1276.51,1297.4896825669337,0.02,1297.2396825669337,0,stop,-41.95936513386732,0.2,-42.159365133867325
XAUUSD.var,long,2019-06-20,2019-09-09,1324.2541056734478,1498.55,0.01,1299.5599324318353,2,channel_exit,174.29589432655212,0.1,174.19589432655212
XAUUSD.var,long,2019-06-03,2019-09-09,1313.7780314270424,1498.55,0.02,1294.165958097277,1,channel_exit,369.54393714591515,0.2,369.34393714591516
XAUUSD.var,long,2019-05-31,2019-09-09,1305.48,1498.55,0.02,1286.9415017581418,0,channel_exit,386.1399999999999,0.2,385.9399999999999
XAUUSD.var,short,2019-09-10,2019-09-23,1485.27,1525.9543830056132,0.01,1525.7043830056132,0,stop,-40.6843830056132,0.1,-40.7843830056132
XAUUSD.var,short,2019-09-30,2019-10-03,1472.14,1512.3873193555903,0.01,1512.1373193555903,0,stop,-40.24731935559021,0.1,-40.34731935559021
XAUUSD.var,short,2019-11-07,2019-12-03,1468.3,1477.68,0.01,1501.8384975786519,0,channel_exit,-9.38000000000011,0.1,-9.480000000000109
XAUUSD.var,short,2019-11-11,2019-12-03,1454.143747186543,1477.68,0.01,1487.4250037512763,1,channel_exit,-23.536252813457168,0.1,-23.63625281345717
XAUUSD.var,long,2019-12-26,2020-03-13,1508.854622802282,1529.51,0.02,1485.5405029302908,1,channel_exit,41.310754395436106,0.2,41.1107543954361
XAUUSD.var,long,2019-12-24,2020-03-13,1498.97,1529.51,0.02,1475.8392159242198,0,channel_exit,61.07999999999992,0.2,60.87999999999992
XAGUSD.var,short,2020-03-12,2020-04-06,16.419544247499285,15.038,0.42,17.48627433666762,1,channel_exit,58.02485839496997,4.2,53.824858394969965
XAGUSD.var,short,2020-03-10,2020-04-06,16.866,15.038,0.44,17.869190542014774,0,channel_exit,80.43199999999997,4.4,76.03199999999997
XAUUSD.var,long,2020-06-22,2020-08-11,1754.85,1912.91,0.01,1708.5709984747532,0,channel_exit,158.06000000000017,0.1,157.96000000000018
XAUUSD.var,long,2020-06-24,2020-08-11,1774.1949664828007,1912.91,0.01,1728.8067113562656,1,channel_exit,138.71503351719934,0.1,138.61503351719935
XAGUSD.var,long,2020-04-14,2020-09-21,15.763,24.684,0.36,14.5308274358924,0,channel_exit,321.15600000000006,3.6,317.55600000000004
XAGUSD.var,long,2020-05-15,2020-09-21,16.16208198550719,24.684,0.47,15.205890685990415,1,channel_exit,400.53014668116214,4.699999999999999,395.83014668116215
XAGUSD.var,short,2020-09-24,2020-09-29,21.798292965269905,24.02927604630679,0.21,24.004276046306792,1,stop,-46.8506447017746,2.1,-48.9506447017746
XAGUSD.var,short,2020-09-23,2020-10-09,22.733,24.923482190565142,0.22,24.898482190565144,0,stop,-48.19060819243312,2.2,-50.39060819243312
XAUUSD.var,short,2020-10-29,2020-11-05,1866.65,1916.5870202932717,0.01,1916.3370202932717,0,stop,-49.937020293271644,0.1,-50.037020293271645
XAGUSD.var,long,2020-11-05,2020-11-09,25.381999999999998,23.649817086018878,0.27,23.674817086018876,0,stop,-46.76893867749025,2.7,-49.46893867749025
XAGUSD.var,short,2020-11-30,2020-12-01,22.034058152230735,23.539922463692356,0.32,23.514922463692358,1,stop,-48.187657966771894,3.2,-51.3876579667719
XAGUSD.var,short,2020-11-27,2020-12-02,22.658,24.16173874890697,0.32,24.13673874890697,0,stop,-48.119639965023,3.2,-51.319639965023
XAGUSD.var,long,2020-12-17,2021-01-08,25.99168396702576,24.52142137729898,0.32,24.54642137729898,1,stop,-47.04840287125694,3.2,-50.24840287125694
XAGUSD.var,long,2020-12-16,2021-01-08,25.383,25.381,0.32,23.950118326603388,0,channel_exit,-0.06399999999996453,3.2,-3.2639999999999647
XAUUSD.var,long,2021-01-04,2021-01-08,1943.14,1894.5058399755335,0.01,1894.7558399755335,0,stop,-48.63416002446661,0.1,-48.73416002446661
XAGUSD.var,long,2021-02-01,2021-02-02,28.983999999999998,27.085287539194248,0.24,27.110287539194246,0,stop,-45.569099059338015,2.4000000000000004,-47.96909905933801
XAUUSD.var,short,2021-03-16,2021-03-17,1755.3921321063156,1744.69,0.01,1805.2204905249127,1,channel_exit,10.702132106315503,0.1,10.602132106315503
XAUUSD.var,short,2021-02-17,2021-03-17,1776.64,1744.69,0.01,1825.0181812621797,0,channel_exit,31.950000000000045,0.1,31.850000000000044
XAGUSD.var,short,2021-03-04,2021-04-08,25.295,25.468999999999998,0.26,27.04869072147765,0,channel_exit,-4.523999999999894,2.6,-7.123999999999894
XAGUSD.var,short,2021-03-25,2021-04-08,24.672806533075267,25.468999999999998,0.31,26.149591289232983,1,channel_exit,-24.681997474666648,3.1,-27.78199747466665
XAUUSD.var,long,2021-04-16,2021-06-03,1774.9682584954126,1870.16,0.01,1731.0189886727833,1,channel_exit,95.19174150458753,0.1,95.09174150458753
XAUUSD.var,long,2021-04-08,2021-06-03,1756.24,1870.16,0.01,1711.913700140704,0,channel_exit,113.92000000000007,0.1,113.82000000000008
XAGUSD.var,long,2021-04-21,2021-06-16,26.368066785030077,26.867,0.37,25.134244286626558,1,channel_exit,18.460528953887177,3.7,14.760528953887178
XAGUSD.var,long,2021-04-15,2021-06-16,25.849999999999998,26.867,0.36,24.585577286127613,0,channel_exit,36.61200000000011,3.6,33.01200000000011
XAGUSD.var,short,2021-06-17,2021-07-02,25.842000000000002,26.468,0.38,27.06911373811173,0,channel_exit,-23.78799999999991,3.8000000000000003,-27.587999999999912
XAUUSD.var,short,2021-06-17,2021-07-06,1789.6293124166864,1796.91,0.01,1837.4342501110848,1,channel_exit,-7.280687583313693,0.1,-7.3806875833136925
XAUUSD.var,short,2021-06-16,2021-07-06,1810.01,1796.91,0.01,1854.9278291519984,0,channel_exit,13.099999999999909,0.1,12.99999999999991
XAGUSD.var,short,2021-07-27,2021-07-29,24.721223644352907,25.736701807529453,0.47,25.711701807529455,1,stop,-47.72747366929765,4.699999999999999,-52.427473669297655
XAUUSD.var,long,2021-07-14,2021-08-06,1828.36,1788.1783537396918,0.01,1788.4283537396918,0,stop,-40.18164626030807,0.1,-40.28164626030807
XAUUSD.var,short,2021-08-09,2021-08-13,1729.34,1772.4715223816859,0.01,1772.2215223816859,0,stop,-43.131522381685954,0.1,-43.231522381685956
XAGUSD.var,short,2021-07-19,2021-08-27,25.135,24.029999999999998,0.46,26.152013740024323,0,channel_exit,50.83000000000018,4.6000000000000005,46.23000000000018
XAGUSD.var,short,2021-08-06,2021-08-27,24.305506048917103,24.029999999999998,0.47,25.30051377160065,1,channel_exit,12.948784299103938,4.699999999999999,8.248784299103939
XAUUSD.var,long,2021-09-03,2021-09-07,1833.9783817389564,1796.6388243480585,0.01,1796.8888243480585,1,stop,-37.33955739089788,0.1,-37.43955739089788
XAGUSD.var,long,2021-09-03,2021-09-10,24.703,23.705000000000002,0.46,23.69621644350231,0,channel_exit,-45.90799999999989,4.6000000000000005,-50.50799999999989
XAUUSD.var,long,2021-08-27,2021-09-16,1818.19,1778.5064461928325,0.01,1778.7564461928325,0,stop,-39.68355380716753,0.1,-39.78355380716753
XAUUSD.var,short,2021-09-28,2021-10-08,1733.61,1773.7123261084528,0.01,1773.4623261084528,0,stop,-40.10232610845287,0.1,-40.20232610845287
XAGUSD.var,short,2021-09-16,2021-10-14,22.862000000000002,23.528,0.45,23.879972234307733,0,channel_exit,-29.969999999999857,4.5,-34.46999999999986
XAGUSD.var,short,2021-09-17,2021-10-14,22.427605947460425,23.49119207005277,0.45,23.46619207005277,1,stop,-47.86137551665549,4.5,-52.36137551665549
XAGUSD.var,long,2021-10-20,2021-11-02,24.119722866165297,23.493000000000002,0.43,23.043036178446265,1,channel_exit,-26.949083245107687,4.3,-31.249083245107688
XAGUSD.var,long,2021-10-19,2021-11-02,23.668999999999997,23.493000000000002,0.43,22.61543506555891,0,channel_exit,-7.567999999999778,4.3,-11.867999999999778
XAUUSD.var,long,2021-10-22,2021-11-03,1809.7673539218777,1770.3301947708296,0.01,1770.5801947708296,1,stop,-39.437159151048036,0.1,-39.53715915104804
XAUUSD.var,long,2021-10-13,2021-11-03,1793.08,1769.56,0.01,1752.8416071961315,0,channel_exit,-23.519999999999982,0.1,-23.619999999999983
XAGUSD.var,long,2021-11-11,2021-11-22,25.256,24.201303890599842,0.44,24.22630389059984,0,stop,-46.40662881360696,4.4,-50.806628813606956
XAUUSD.var,long,2021-11-05,2021-11-22,1818.02,1804.49,0.01,1778.9896167362906,0,channel_exit,-13.529999999999973,0.1,-13.629999999999972
XAUUSD.var,long,2021-11-10,2021-11-22,1834.9617708288813,1804.49,0.01,1795.1809722281585,1,channel_exit,-30.47177082888129,0.1,-30.57177082888129
XAUUSD.var,short,2021-11-30,2021-12-16,1774.24,1799.1,0.01,1816.200585664342,0,channel_exit,-24.8599999999999,0.1,-24.9599999999999
XAUUSD.var,short,2021-12-15,2021-12-16,1758.1651042537178,1796.1731943283764,0.01,1795.9231943283764,1,stop,-38.00809007465864,0.1,-38.10809007465864
XAGUSD.var,short,2021-11-26,2021-12-22,23.103,22.808,0.45,24.12147877751801,0,channel_exit,13.275000000000079,4.5,8.775000000000079
XAGUSD.var,short,2021-11-30,2021-12-22,22.67093910141,22.808,0.44,23.704081198120004,1,channel_exit,-6.030679537960026,4.4,-10.430679537960026
XAGUSD.var,long,2021-12-23,2022-01-06,22.915,21.98002791593473,0.5,22.00502791593473,0,stop,-46.74860420326343,5.0,-51.74860420326343
XAGUSD.var,long,2021-12-28,2022-01-06,23.291698934658104,22.362734753789198,0.5,22.387734753789196,1,stop,-46.44820904344531,5.0,-51.44820904344531
XAUUSD.var,long,2021-12-31,2022-01-06,1828.93,1794.437385367297,0.01,1794.687385367297,0,stop,-34.49261463270295,0.1,-34.592614632702954
XAUUSD.var,long,2022-01-19,2022-01-27,1840.8,1806.461529799773,0.01,1806.711529799773,0,stop,-34.33847020022699,0.1,-34.438470200226995
XAGUSD.var,long,2022-01-19,2022-01-27,23.86696843306814,22.907042089242484,0.48,22.932042089242483,1,stop,-46.07646450363154,4.800000000000001,-50.87646450363154
XAGUSD.var,long,2022-01-18,2022-01-27,23.477,22.545261743341413,0.5,22.570261743341412,0,stop,-46.58691283292935,5.0,-51.58691283292935
XAGUSD.var,long,2022-02-22,2022-03-15,24.108999999999998,24.848000000000003,0.47,23.15334949490631,0,channel_exit,34.7330000000002,4.699999999999999,30.033000000000204
XAGUSD.var,long,2022-02-23,2022-03-15,24.508870205645287,24.848000000000003,0.47,23.550839725806284,1,channel_exit,15.939100334671611,4.699999999999999,11.239100334671612
XAUUSD.var,long,2022-02-17,2022-03-15,1891.1671945979228,1917.18,0.01,1853.1935729382858,2,channel_exit,26.01280540207722,0.1,25.91280540207722
XAUUSD.var,long,2022-02-11,2022-03-15,1859.35,1917.18,0.01,1824.1813514472578,0,channel_exit,57.83000000000016,0.1,57.73000000000016
XAUUSD.var,long,2022-02-15,2022-03-15,1874.9999281723642,1917.18,0.01,1838.2334291035145,1,channel_exit,42.18007182763586,0.1,42.080071827635855
XAGUSD.var,long,2022-04-18,2022-04-21,25.88,24.71974306488104,0.39,24.74474306488104,0,stop,-45.25002046963939,3.9000000000000004,-49.15002046963939
XAGUSD.var,short,2022-04-28,2022-07-28,23.081188481458877,20.029,0.39,24.207082024721494,1,channel_exit,119.03535077689622,3.9000000000000004,115.13535077689622
XAUUSD.var,short,2022-07-01,2022-07-28,1800.1806745597073,1756.45,0.01,1843.4091005870564,1,channel_exit,43.73067455970727,0.1,43.630674559707266
XAUUSD.var,short,2022-06-13,2022-07-28,1818.6,1756.45,0.01,1866.543515421078,0,channel_exit,62.149999999999864,0.1,62.04999999999986
XAGUSD.var,short,2022-04-25,2022-07-28,23.553,20.029,0.38,24.71493746845035,0,channel_exit,133.91200000000003,3.8000000000000003,130.11200000000002
XAGUSD.var,long,2022-08-10,2022-08-17,20.782951524035006,19.75539796795332,0.46,19.78039796795332,1,stop,-47.267463579757504,4.6000000000000005,-51.867463579757505
XAUUSD.var,long,2022-08-02,2022-08-17,1784.1065394058141,1761.91,0.01,1742.051280792248,1,channel_exit,-22.196539405814065,0.1,-22.296539405814066
XAUUSD.var,long,2022-07-29,2022-08-17,1766.19,1761.91,0.01,1723.9162577689017,0,channel_exit,-4.279999999999973,0.1,-4.379999999999972
XAGUSD.var,long,2022-07-29,2022-08-18,20.363999999999997,19.504,0.45,19.350807880299477,0,channel_exit,-38.69999999999982,4.5,-43.19999999999982
XAGUSD.var,short,2022-08-19,2022-09-12,19.011000000000003,19.801,0.46,20.003138837525682,0,channel_exit,-36.3399999999998,4.6000000000000005,-40.9399999999998
XAGUSD.var,short,2022-08-29,2022-09-12,18.62268029000584,19.57875961332555,0.49,19.55375961332555,1,stop,-46.84788684266577,4.9,-51.74788684266577
XAUUSD.var,short,2022-08-19,2022-10-03,1747.03,1699.16,0.01,1785.7285945477931,0,channel_exit,47.86999999999989,0.1,47.76999999999989
XAUUSD.var,short,2022-08-22,2022-10-03,1730.5719293626842,1699.16,0.01,1769.2240941830878,1,channel_exit,31.411929362684077,0.1,31.311929362684076
XAUUSD.var,short,2022-09-05,2022-10-03,1714.9966021763807,1699.16,0.01,1751.5890322777557,2,channel_exit,15.836602176380666,0.1,15.736602176380666
XAGUSD.var,long,2022-10-04,2022-10-05,21.19482067102344,20.015905771968747,0.39,20.040905771968745,1,stop,-45.97768106313302,3.9000000000000004,-49.87768106313302
XAGUSD.var,long,2022-10-03,2022-10-10,20.711,19.53133957994243,0.39,19.556339579942428,0,stop,-46.00675638224521,3.9000000000000004,-49.906756382245206
XAGUSD.var,long,2022-11-04,2022-12-30,20.846,23.929000000000002,0.34,19.572262976141612,0,end_of_data,104.82200000000009,3.4000000000000004,101.42200000000008
XAUUSD.var,long,2022-11-04,2022-12-30,1680.76,1823.8,0.01,1632.9217011221024,0,end_of_data,143.03999999999996,0.1,142.93999999999997
XAUUSD.var,long,2022-11-08,2022-12-30,1701.6642554231296,1823.8,0.01,1652.637659435827,1,end_of_data,122.13574457687038,0.1,122.03574457687039
XAGUSD.var,long,2022-11-08,2022-12-30,21.393934266728085,23.929000000000002,0.34,20.09042097769589,1,end_of_data,86.1922349312452,3.4000000000000004,82.79223493124519
